"","Taxa","PC1","PC2","PC3","Group"
"1","CIM-144",4.825823,0.897671,-4.1383224,"group1"
"2","CIM-349",2.0050845,-0.29723346,-1.065308,"group2"
"3","CIM-57",6.5560875,1.19146,0.41493598,"group1"
"4","CIMBL10",10.320516,1.8962789,-3.5322266,"group2"
"5","CIMBL100",12.071375,1.9804835,-4.279254,"group1"
"6","CIMBL101",9.459374,0.4128407,-1.5678515,"group1"
"7","CIMBL102",11.6399145,1.4358282,1.184458,"group1"
"8","CIMBL103",9.753398,2.5756621,-3.650397,"group1"
"9","CIMBL104",8.132629,2.8500543,-5.651397,"group1"
"10","CIMBL105",6.843698,0.51325375,1.2161602,"group1"
"11","CIMBL112",9.662219,-1.3882884,5.41575,"group2"
"12","CIMBL113",7.9333878,1.4207145,6.0568867,"group2"
"13","CIMBL114",10.957673,1.5960952,-8.736773,"group1"
"14","CIMBL115",12.000131,2.296078,-5.7137494,"group1"
"15","CIMBL119",15.119123,-0.4148911,5.509576,"group3"
"16","CIMBL120",8.901942,2.0200791,3.4939728,"group2"
"17","CIMBL121",9.031841,-0.09594282,6.924653,"group2"
"18","CIMBL122",8.837199,-0.1324276,6.251156,"group2"
"19","CIMBL124",6.7555485,-3.4625313,4.4326415,"group3"
"20","CIMBL125",10.606261,1.5264277,1.2952856,"group2"
"21","CIMBL126",8.453622,-1.9063923,4.5781918,"group3"
"22","CIMBL127",6.458152,3.1952035,-0.8359146,"group1"
"23","CIMBL128",4.234541,1.3944981,0.19129594,"group3"
"24","CIMBL129",8.458313,2.5575175,-4.4956117,"group1"
"25","CIMBL13",11.319484,2.7181528,-2.299019,"group2"
"26","CIMBL130",11.052728,3.7789037,-3.5933845,"group1"
"27","CIMBL136",7.122443,-3.8357382,5.2524104,"group2"
"28","CIMBL14",7.308856,-1.3565159,-0.8362984,"group3"
"29","CIMBL158",-14.091731,11.913696,-0.87319845,"group2"
"30","CIMBL159",7.217074,4.301829,-4.897039,"group2"
"31","CIMBL16",4.059892,1.1159058,1.5736207,"group2"
"32","CIMBL160",7.5142016,2.1623602,-9.118626,"group2"
"33","CIMBL161",-30.227264,21.133535,7.0953746,"group2"
"34","CIMBL162",-28.012707,19.000555,9.104154,"group2"
"35","CIMBL163",-19.81035,13.520756,-0.34896895,"group2"
"36","CIMBL164",1.388052,-3.46222,9.27796,"group2"
"37","CIMBL166",9.2243395,1.4014765,1.323511,"group2"
"38","CIMBL167",2.0202737,-0.8434388,3.8347104,"group2"
"39","CIMBL168",-4.5105987,-3.2546883,4.140652,"group2"
"40","CIMBL169",8.465921,-2.8085577,5.080865,"group2"
"41","CIMBL17",10.516907,3.6011045,-6.2409134,"group2"
"42","CIMBL171",9.683577,-5.6649375,8.886747,"group2"
"43","CIMBL173",5.813917,0.07250383,-0.78410846,"group2"
"44","CIMBL174",1.5924565,-2.6453688,1.9627465,"group2"
"45","CIMBL175",-0.79272425,8.37513,-4.90414,"group2"
"46","CIMBL176",4.0156093,3.9321723,-1.0105611,"group2"
"47","CIMBL177",1.0952655,5.3795385,-2.381896,"group2"
"48","CIMBL178",6.8812194,1.8856128,-6.6733623,"group2"
"49","CIMBL180",5.633576,5.2333813,-13.990941,"group2"
"50","CIMBL183",8.80873,3.4609551,-3.9245355,"group2"
"51","CIMBL184",6.4505973,2.1784792,-3.4110973,"group2"
"52","CIMBL185",10.140925,1.8188493,-1.5676728,"group1"
"53","CIMBL186",10.547487,-4.615409,8.941886,"group2"
"54","CIMBL187",-28.705135,21.01236,10.002372,"group2"
"55","CIMBL188",1.646364,5.016407,-4.6920614,"group2"
"56","CIMBL189",3.2680914,3.282624,-11.322065,"group2"
"57","CIMBL191",4.390694,1.8161415,-5.990364,"group2"
"58","CIMBL196",-16.080805,11.565671,4.8450065,"group2"
"59","CIMBL197",-7.911419,-4.486558,-1.1456711,"group2"
"60","CIMBL200",-5.6788683,-2.7845497,1.0211667,"group2"
"61","CIMBL201",-21.395489,15.423823,5.5323954,"group2"
"62","CIMBL202",4.379817,0.95067203,-0.5591302,"group1"
"63","CIMBL203",5.258197,-0.9550161,4.2121263,"group2"
"64","CIMBL204",9.917587,0.52784914,4.9435134,"group2"
"65","CIMBL206",-1.2439389,0.6542107,-0.04419908,"group2"
"66","CIMBL207",9.178748,2.4306083,0.34691554,"group2"
"67","CIMBL208",1.2736775,0.044984594,4.1048417,"group2"
"68","CIMBL209",5.1150327,-0.540499,2.734452,"group2"
"69","CIMBL21",8.600415,-0.51589537,5.287432,"group3"
"70","CIMBL210",5.7407327,-3.197546,4.3736978,"group2"
"71","CIMBL211",8.774778,0.007958797,2.1881618,"group2"
"72","CIMBL212",9.370381,-1.271822,4.5874877,"group2"
"73","CIMBL213",4.903565,-0.98882025,4.129976,"group2"
"74","CIMBL214",-11.439858,-8.125766,1.303832,"group2"
"75","CIMBL215",3.1719267,0.26469052,2.8780036,"group2"
"76","CIMBL216",5.4064174,-6.5869136,2.0034897,"group2"
"77","CIMBL217",-31.264381,-57.969677,-5.0312486,"group2"
"78","CIMBL218",7.720021,-3.9498556,12.569495,"group2"
"79","CIMBL219",5.7969174,2.645754,2.750821,"group3"
"80","CIMBL221",-3.6967545,3.5341449,0.27876154,"group2"
"81","CIMBL222",7.3027596,-1.560307,1.8100514,"group1"
"82","CIMBL223",6.869398,-1.2113091,3.5459385,"group2"
"83","CIMBL224",6.6952653,1.1386024,5.9811974,"group2"
"84","CIMBL225",-12.830761,-3.373098,-2.1656852,"group2"
"85","CIMBL226",-2.9125676,-9.5182905,-5.445306,"group2"
"86","CIMBL227",8.289663,-3.6096306,10.352047,"group3"
"87","CIMBL228",8.367345,0.085778885,-1.5944612,"group1"
"88","CIMBL229",11.871745,-0.59937865,0.79526114,"group1"
"89","CIMBL230",-16.06025,5.485638,12.186709,"group2"
"90","CIMBL231",6.8648067,-0.95315766,1.9940392,"group3"
"91","CIMBL232",6.495146,-3.3189638,3.7832663,"group3"
"92","CIMBL233",2.949459,0.49797952,10.983998,"group3"
"93","CIMBL234",9.493663,0.58742946,2.5988295,"group2"
"94","CIMBL235",3.6230984,-0.16373509,-0.3106573,"group2"
"95","CIMBL236",3.5463688,1.5909125,-0.34952992,"group2"
"96","CIMBL237",-5.0367556,2.5226598,1.2530614,"group2"
"97","CIMBL238",-2.6076393,-6.1143537,3.0009158,"group2"
"98","CIMBL239",1.0889194,-0.72269636,4.5624876,"group2"
"99","CIMBL240",0.4071034,-2.3067088,0.57585466,"group2"
"100","CIMBL241",-0.10972527,-1.6632761,1.7414213,"group2"
"101","CIMBL242",-0.4416105,-4.595727,-0.11424768,"group2"
"102","CIMBL243",1.1701688,-5.230088,3.4191825,"group2"
"103","CIMBL244",-2.9442961,-2.3104174,1.5052012,"group2"
"104","CIMBL245",-7.3478475,0.978812,2.326118,"group2"
"105","CIMBL246",-0.53817976,-0.15159929,1.3566606,"group2"
"106","CIMBL247",2.0009973,-0.56659865,4.6402555,"group2"
"107","CIMBL248",5.9787135,1.2985884,2.817457,"group2"
"108","CIMBL249",1.9605225,-4.4161143,3.9418662,"group2"
"109","CIMBL250",0.44939622,-3.3286614,1.0303507,"group2"
"110","CIMBL251",-5.8836927,-4.4468265,3.4752975,"group2"
"111","CIMBL252",6.6093063,-5.6936574,9.692174,"group2"
"112","CIMBL253",2.398887,-3.603287,-0.16587517,"group2"
"113","CIMBL254",3.8358452,-2.3311687,1.3191693,"group2"
"114","CIMBL255",2.451125,-2.530161,4.508808,"group2"
"115","CIMBL256",-4.2321005,3.9487731,2.498088,"group2"
"116","CIMBL257",2.759201,-1.6118506,0.14418471,"group2"
"117","CIMBL258",4.779344,-1.4596691,-0.09920162,"group2"
"118","CIMBL259",6.8954344,-3.3448892,14.836429,"group2"
"119","CIMBL260",6.7753577,-3.060876,12.631979,"group2"
"120","CIMBL261",6.5906844,-1.025536,11.014113,"group2"
"121","CIMBL262",5.1465874,-1.1087066,11.006499,"group2"
"122","CIMBL263",6.6568494,-3.5646946,15.144049,"group2"
"123","CIMBL264",6.7922316,-0.435923,10.246748,"group2"
"124","CIMBL265",7.6502295,-4.007882,14.076641,"group2"
"125","CIMBL266",5.658857,-0.8499024,11.400498,"group2"
"126","CIMBL267",6.937927,-0.9275891,11.283868,"group2"
"127","CIMBL268",6.6582427,-4.4611654,14.565192,"group2"
"128","CIMBL269",7.400405,-4.3654823,12.687547,"group2"
"129","CIMBL270",-8.439419,-18.038399,1.4646425,"group2"
"130","CIMBL271",-9.546524,-22.11232,-0.20598245,"group2"
"131","CIMBL272",-11.403752,-19.769817,0.36725894,"group2"
"132","CIMBL273",-11.4271145,-20.23097,0.3942461,"group2"
"133","CIMBL274",-5.3976827,-17.576761,0.15817879,"group2"
"134","CIMBL275",-14.364923,-32.30052,-1.4793489,"group2"
"135","CIMBL276",-14.476515,-30.399813,-4.7944007,"group2"
"136","CIMBL277",-20.76664,-38.54626,-5.5012374,"group2"
"137","CIMBL278",-15.767792,-29.459457,-3.3388195,"group2"
"138","CIMBL279",-10.482681,-24.215899,-0.45679787,"group2"
"139","CIMBL280",-9.859497,-21.322067,-1.1398954,"group2"
"140","CIMBL281",-13.925664,-23.430342,-2.0448399,"group2"
"141","CIMBL282",-9.179165,-17.370123,1.2897385,"group2"
"142","CIMBL283",-1.8561345,-9.596227,-3.4216657,"group2"
"143","CIMBL284",-1.6902212,-8.140128,-3.136623,"group2"
"144","CIMBL285",-2.9718416,-7.0436034,-2.6317809,"group2"
"145","CIMBL286",-0.8359206,-9.549757,-3.0469055,"group2"
"146","CIMBL287",-2.0006487,-8.462269,-2.4220283,"group2"
"147","CIMBL288",-2.9330842,-10.355045,-3.3209934,"group2"
"148","CIMBL289",0.36822584,-4.0945225,7.869118,"group2"
"149","CIMBL290",-9.125833,13.370825,7.3688354,"group2"
"150","CIMBL291",3.912133,0.9405421,5.7248244,"group2"
"151","CIMBL292",-5.545547,8.248625,6.987726,"group2"
"152","CIMBL293",1.4178542,-3.2686112,7.765352,"group2"
"153","CIMBL294",-6.8782625,10.6339445,4.0584006,"group2"
"154","CIMBL295",-15.267855,17.160782,4.93697,"group2"
"155","CIMBL296",9.512802,-1.7172948,6.0507975,"group2"
"156","CIMBL297",9.948221,2.4832335,2.4228325,"group2"
"157","CIMBL298",9.651292,-0.6032126,5.933294,"group3"
"158","CIMBL300",-16.170883,15.880742,7.5238137,"group2"
"159","CIMBL301",-6.9329176,3.558501,11.692217,"group2"
"160","CIMBL302",6.379427,-1.3856238,2.8837245,"group2"
"161","CIMBL303",5.6253195,-2.2992074,4.2272253,"group2"
"162","CIMBL304",0.3268679,-3.5831301,7.6232033,"group2"
"163","CIMBL305",-8.580225,7.6437197,8.336301,"group2"
"164","CIMBL306",8.761845,2.267276,4.2541423,"group2"
"165","CIMBL307",12.27998,0.094605155,5.102147,"group2"
"166","CIMBL308",12.062117,-1.017621,7.2916613,"group2"
"167","CIMBL309",11.9127655,-1.6820368,6.66457,"group2"
"168","CIMBL310",13.863572,-0.7815908,8.538284,"group3"
"169","CIMBL312",11.685491,-1.4979511,5.3204837,"group2"
"170","CIMBL313",12.335253,-1.5899972,7.2401533,"group2"
"171","CIMBL314",10.020137,-1.3442402,4.0719137,"group3"
"172","CIMBL315",10.576718,-1.129358,4.6251326,"group2"
"173","CIMBL316",7.886652,-0.1497179,-0.64467114,"group1"
"174","CIMBL317",9.174451,2.6481855,-0.3162532,"group1"
"175","CIMBL318",13.780588,2.4815207,-2.4646654,"group1"
"176","CIMBL319",9.474462,-3.152249,10.42867,"group3"
"177","CIMBL320",8.770592,-2.3484175,11.05309,"group3"
"178","CIMBL321",5.569808,0.25214186,-1.0999081,"group3"
"179","CIMBL323",8.698211,1.2799573,3.8500397,"group2"
"180","CIMBL324",6.221731,-0.8773695,5.3357916,"group2"
"181","CIMBL325",5.7185493,-2.9100907,4.4440722,"group2"
"182","CIMBL327",15.185992,0.5301241,5.728219,"group3"
"183","CIMBL328",5.7789183,-4.8824396,0.63821673,"group1"
"184","CIMBL329",15.122232,-1.6507913,7.623884,"group3"
"185","CIMBL330",13.364159,-2.3120723,8.4456625,"group2"
"186","CIMBL331",11.70196,-1.1294155,7.192701,"group2"
"187","CIMBL332",12.9448595,-0.4750118,4.811388,"group2"
"188","CIMBL333",15.334731,-1.5836895,7.6468987,"group3"
"189","CIMBL334",11.429839,-0.7597562,8.438504,"group2"
"190","CIMBL335",11.485834,2.8024619,-10.803842,"group1"
"191","CIMBL336",11.514282,2.8813577,-10.7293625,"group1"
"192","CIMBL337",12.781344,3.8278966,-8.977221,"group1"
"193","CIMBL338",10.842595,3.2823026,-6.6407676,"group1"
"194","CIMBL339",10.074229,3.5237582,-2.5836377,"group1"
"195","CIMBL340",10.636929,-0.38437304,-2.076832,"group1"
"196","CIMBL341",12.346323,2.066605,-1.3064233,"group1"
"197","CIMBL342",9.874398,-3.6832795,10.989801,"group3"
"198","CIMBL343",9.864942,-3.6841962,10.979357,"group3"
"199","CIMBL344",6.1997485,-2.1883848,0.11383268,"group2"
"200","CIMBL345",9.65276,-1.3330016,1.0139636,"group2"
"201","CIMBL346",6.5307717,-0.8749864,8.884547,"group3"
"202","CIMBL347",10.419041,-1.4429055,6.1344986,"group3"
"203","CIMBL348",7.2323327,1.0483959,0.7280143,"group1"
"204","CIMBL349",-2.7098422,1.056349,2.5056932,"group2"
"205","CIMBL350",-4.9371786,-7.4243603,1.0247388,"group2"
"206","CIMBL351",-3.025706,0.32181802,1.271291,"group2"
"207","CIMBL352",-12.481586,-14.983013,-3.1570563,"group2"
"208","CIMBL353",-3.9466507,-4.3335958,0.96013975,"group2"
"209","CIMBL354",-5.4693007,-9.572642,-1.527238,"group2"
"210","CIMBL355",-14.659017,-14.702761,-1.5414195,"group2"
"211","CIMBL356",-8.379191,-18.59982,-0.055704385,"group2"
"212","CIMBL357",-3.7117143,-8.493655,-0.2969437,"group2"
"213","CIMBL358",4.3198895,3.1648767,2.864021,"group2"
"214","CIMBL359",-3.9826388,-2.3244839,0.7141137,"group2"
"215","CIMBL360",-21.307404,13.788535,4.9854565,"group2"
"216","CIMBL361",-18.304585,12.838367,4.8795376,"group2"
"217","CIMBL362",-12.589548,9.050811,10.006075,"group2"
"218","CIMBL363",-11.05507,7.846763,10.179512,"group2"
"219","CIMBL364",7.9249125,-0.2778866,2.3308566,"group1"
"220","CIMBL365",5.6619244,0.6255082,0.645677,"group1"
"221","CIMBL366",8.841341,0.7564462,3.6449535,"group2"
"222","CIMBL367",-7.6096697,-8.214818,-5.2813325,"group2"
"223","CIMBL368",9.169468,1.1577268,2.9106631,"group2"
"224","CIMBL369",15.088631,4.701583,7.409363,"group2"
"225","CIMBL370",8.740384,0.29121786,0.41267294,"group2"
"226","CIMBL371",9.755839,-4.487371,10.836057,"group3"
"227","CIMBL375",-7.55489,0.17204267,-0.69932246,"group2"
"228","CIMBL376",-8.57872,3.814075,2.0703256,"group2"
"229","CIMBL377",-8.504832,3.9770722,2.2887056,"group2"
"230","CIMBL378",-7.844574,3.7769926,1.8065885,"group2"
"231","CIMBL379",7.4128695,3.3478117,3.0096622,"group2"
"232","CIMBL380",-3.3347745,-5.5945196,-4.0493054,"group2"
"233","CIMBL382",-11.33902,-7.5305576,-0.2804338,"group2"
"234","CIMBL383",7.5052023,1.4870224,-0.046041675,"group1"
"235","CIMBL384",6.8393335,1.3525877,-0.33190942,"group1"
"236","CIMBL385",1.9182272,1.3242579,-1.9824826,"group1"
"237","CIMBL386",-8.058446,-4.586453,-2.5321465,"group2"
"238","CIMBL389",-2.3974476,1.4437107,4.9732966,"group2"
"239","CIMBL390",-3.6865423,-2.662705,3.41956,"group2"
"240","CIMBL391",-1.2680547,1.4210443,0.39623865,"group2"
"241","CIMBL392",-1.9236813,-5.6660013,2.4235253,"group2"
"242","CIMBL393",-15.846437,9.6050005,-1.7733532,"group2"
"243","CIMBL394",-0.84581155,-0.5618773,5.9343047,"group2"
"244","CIMBL395",-8.156571,-6.772346,2.3979995,"group2"
"245","CIMBL396",-7.176532,-11.55979,7.0611815,"group2"
"246","CIMBL397",-10.4668045,-14.838993,6.5671806,"group2"
"247","CIMBL398",-5.558942,0.48204565,-2.4454424,"group2"
"248","CIMBL399",-10.915538,-22.446217,2.1236167,"group2"
"249","CIMBL400",-5.767202,-3.1515887,2.3429039,"group2"
"250","CIMBL401",-37.600296,-44.910305,-8.399681,"group2"
"251","CIMBL402",1.5721233,-5.1481357,2.4640596,"group2"
"252","CIMBL403",-38.75197,-44.912933,-8.603862,"group2"
"253","CIMBL404",-38.400696,-44.51236,-8.307095,"group2"
"254","CIMBL405",6.9043894,-3.3756335,6.5206003,"group3"
"255","CIMBL406",1.8813019,2.8655546,1.8171039,"group3"
"256","CIMBL407",-21.78861,-37.129784,-1.3224602,"group2"
"257","CIMBL408",-20.006874,-32.832317,-0.9624397,"group2"
"258","CIMBL409",-13.792211,-31.743925,1.7377472,"group2"
"259","CIMBL410",-20.86489,-36.153214,-0.62499887,"group2"
"260","CIMBL411",8.052736,-2.2568061,3.8425777,"group3"
"261","CIMBL412",-14.556311,-33.42907,1.4468149,"group2"
"262","CIMBL413",-24.462992,-42.585426,-2.8266203,"group2"
"263","CIMBL414",8.182763,-1.1614902,1.9208387,"group1"
"264","CIMBL415",-20.702488,-42.772457,-3.8887537,"group2"
"265","CIMBL416",-17.29833,-39.365067,-3.858517,"group2"
"266","CIMBL417",5.735597,-3.467112,5.088118,"group1"
"267","CIMBL418",5.19831,-1.6161983,3.0753384,"group1"
"268","CIMBL419",12.341059,0.7851941,4.4620457,"group3"
"269","CIMBL42",4.4074264,0.7361782,-6.3430834,"group2"
"270","CIMBL421",8.801843,0.006523083,0.85878223,"group1"
"271","CIMBL422",6.424924,-2.2161267,7.6385827,"group3"
"272","CIMBL424",6.4843354,0.8213364,5.968504,"group3"
"273","CIMBL425",4.3478217,2.19067,3.5790157,"group1"
"274","CIMBL426",4.1457715,2.9721127,-0.87125695,"group1"
"275","CIMBL427",4.262563,2.3269582,3.507173,"group1"
"276","CIMBL428",-12.997677,-33.320293,1.9422429,"group2"
"277","CIMBL429",12.599044,-2.8497877,7.1355615,"group3"
"278","CIMBL43",7.488932,3.9747472,0.07070426,"group1"
"279","CIMBL430",-26.690794,-44.99825,-3.8472848,"group2"
"280","CIMBL432",12.346914,4.4628696,-9.5496645,"group1"
"281","CIMBL435",5.248219,1.9167988,3.754675,"group2"
"282","CIMBL65",6.293114,0.7177048,1.4211322,"group3"
"283","CIMBL67",3.1242115,2.064415,-0.5687056,"group3"
"284","CIMBL68",5.7821393,1.0790845,-1.3437293,"group3"
"285","CIMBL70",7.0256677,-2.2857091,5.7870994,"group3"
"286","CIMBL72",9.138208,-0.285189,0.70628375,"group1"
"287","CIMBL73",-3.6328132,-20.047264,2.665845,"group3"
"288","CIMBL8",10.57993,4.0427866,-2.3431432,"group2"
"289","CIMBL80",8.564066,-0.56086063,5.2595973,"group3"
"290","CIMBL81",9.099226,-1.0942897,2.114523,"group2"
"291","CIMBL82",9.8258095,-1.063961,2.2069538,"group2"
"292","CIMBL83",5.082178,2.0898378,-4.529353,"group2"
"293","CIMBL86",6.352963,2.418651,-2.9491348,"group2"
"294","CIMBL88",5.662816,1.8265754,-6.195,"group2"
"295","CIMBL9",7.244439,1.5410254,-1.2868127,"group2"
"296","CIMBL90",4.5043178,3.4671838,-2.358823,"group2"
"297","CIMBL92",5.7412467,2.754959,-9.252268,"group2"
"298","CIMBL93",5.580921,2.871833,-6.3615975,"group2"
"299","CIMBL99",4.7196283,0.8337251,-0.586672,"group1"
"300","CM10",-9.932841,0.48475853,-2.049398,"group2"
"301","CML101",-2.7279003,1.2342404,-2.350577,"group2"
"302","CML103",-1.4602214,-0.10734343,-2.1682837,"group2"
"303","CML107",-3.6131837,-3.130143,-1.5583302,"group2"
"304","CML11",-9.443308,1.7056371,-1.3535442,"group2"
"305","CML112",7.352193,1.3390307,-0.32747203,"group1"
"306","CML114",10.829857,2.6028116,0.07915028,"group2"
"307","CML115",5.747036,-0.2310654,0.4044237,"group1"
"308","CML116",10.305989,3.4148123,-1.1139879,"group2"
"309","CML118",7.4147806,1.8593348,-0.47751364,"group1"
"310","CML12",-11.812415,-11.923602,0.0570057,"group2"
"311","CML121",12.828902,-0.7489183,6.8895545,"group2"
"312","CML122",12.338212,1.928592,4.9897385,"group2"
"313","CML127",7.67588,-1.5456713,2.5926154,"group2"
"314","CML13",-7.4592557,-5.9064093,-0.45833027,"group2"
"315","CML130",7.2113094,0.6985498,1.1294065,"group2"
"316","CML132",1.2301009,-3.690617,2.7366219,"group2"
"317","CML133",-0.29300147,1.3337364,-4.373897,"group2"
"318","CML134",10.863867,2.905792,2.3482685,"group2"
"319","CML135",6.4390683,0.46059406,2.7379503,"group2"
"320","CML138",-8.062434,5.000271,1.9711133,"group2"
"321","CML139",12.322287,1.8375157,4.913284,"group2"
"322","CML140",-0.37853914,0.9736498,0.81198514,"group2"
"323","CML141",-0.39397085,-1.0082079,0.54121494,"group2"
"324","CML142",1.1955119,-2.8677328,3.4036036,"group2"
"325","CML144",-0.54892826,-5.684294,-6.200274,"group2"
"326","CML147",-3.1423595,-0.8460377,0.19129077,"group2"
"327","CML15",-5.026826,-0.69261676,1.2223656,"group2"
"328","CML150",-7.6720934,-7.8867106,3.636492,"group2"
"329","CML153",0.7126259,0.5069789,3.7825222,"group2"
"330","CML154",-0.04834883,-0.2529376,-0.12508431,"group2"
"331","CML157",-1.7909027,-2.52816,0.8833748,"group2"
"332","CML159",-4.555888,-1.3283408,-0.9189871,"group2"
"333","CML16",-6.624698,-5.8859954,1.4262487,"group2"
"334","CML161",6.430354,-4.199307,2.9256587,"group3"
"335","CML162",6.7440453,-0.91111547,1.2334882,"group1"
"336","CML163",8.072464,0.75967133,3.381131,"group1"
"337","CML165",7.9911523,0.3780164,-0.6469328,"group3"
"338","CML166",8.111468,0.73185134,3.2961073,"group1"
"339","CML169",13.466956,2.0781753,-1.7457725,"group2"
"340","CML17",-2.515709,0.26840082,3.1931868,"group2"
"341","CML170",7.0158386,-1.370892,1.7148963,"group1"
"342","CML171",2.028694,2.7019072,1.9210385,"group3"
"343","CML172",2.061443,2.7580051,1.9765103,"group3"
"344","CML173",3.4257793,2.966032,-4.2334075,"group1"
"345","CML174",4.6112404,2.7342796,1.0237919,"group1"
"346","CML175",3.8535073,0.36714435,-0.46565512,"group1"
"347","CML180",4.2932816,0.93156564,-2.7560759,"group2"
"348","CML182",7.4440937,3.5754185,-7.5366316,"group2"
"349","CML185",7.3921366,1.304135,-2.4117887,"group1"
"350","CML187",6.2415614,0.47947764,-0.18866833,"group1"
"351","CML19",8.374316,-0.7504169,5.437815,"group3"
"352","CML191",8.159367,-1.6313953,-0.20653936,"group1"
"353","CML192",6.623365,0.82059425,-3.2585962,"group1"
"354","CML196",0.8932236,2.310139,-10.301725,"group2"
"355","CML20",9.349775,-1.1152004,6.395668,"group3"
"356","CML201",-6.6452227,6.3857207,-0.079461776,"group2"
"357","CML202",-0.8910743,1.9473045,0.57135385,"group2"
"358","CML204",-0.97834885,5.5581846,-4.9710784,"group2"
"359","CML206",3.2555792,3.567688,-5.527767,"group2"
"360","CML208",-0.97307104,5.495904,-4.975008,"group2"
"361","CML216",3.1398506,7.3696184,-16.980417,"group2"
"362","CML218",4.9757557,4.7298694,-0.6028618,"group3"
"363","CML22",3.5798793,-0.3460191,3.315734,"group2"
"364","CML220",5.005454,0.8950687,0.14086102,"group3"
"365","CML221",4.734953,0.19497505,0.76552254,"group3"
"366","CML222",5.1460657,0.9393262,-0.6820207,"group3"
"367","CML223",9.999317,1.0650264,-4.891055,"group1"
"368","CML225",10.957898,2.2833412,-7.389329,"group1"
"369","CML226",12.954734,1.5159242,-2.9878979,"group1"
"370","CML228",11.46854,1.8672565,-4.1733,"group1"
"371","CML229",5.3925076,0.31476542,-0.2790387,"group3"
"372","CML23",3.3198824,-0.5438033,0.4117474,"group2"
"373","CML230",-5.749121,2.1866498,-1.1735516,"group2"
"374","CML231",-5.3476677,1.1135902,0.09452125,"group2"
"375","CML232",-9.257929,-1.1759002,-3.1067562,"group2"
"376","CML238",4.125785,0.11154986,-1.822819,"group2"
"377","CML24",2.552104,-2.4307501,-0.5638106,"group2"
"378","CML248",-1.8593426,-1.061779,2.0589786,"group2"
"379","CML249",-23.083937,-36.006718,-4.3116274,"group2"
"380","CML251",-13.723619,-13.639696,-1.0572541,"group2"
"381","CML252",-6.6013327,-1.4128853,-2.1395736,"group2"
"382","CML253",-8.819947,-4.0871234,-2.9655137,"group2"
"383","CML254",-7.9767523,-2.7391558,-1.7781866,"group2"
"384","CML257",-9.37803,-4.7358603,-1.3059092,"group2"
"385","CML258",-11.02343,-9.020426,-2.1226861,"group2"
"386","CML259",-11.9718,-6.5433974,-1.5970043,"group2"
"387","CML26",9.401928,2.7994843,-0.93400246,"group2"
"388","CML260",-10.057587,-10.145968,1.6879292,"group2"
"389","CML261",-7.886435,-5.286001,-3.8395736,"group2"
"390","CML265",-9.932603,-10.391626,1.6711855,"group2"
"391","CML268",7.9061084,-3.7270331,3.3682373,"group1"
"392","CML27",5.2649894,-0.23759489,2.1476903,"group3"
"393","CML270",1.8255566,-1.1887354,0.95652276,"group2"
"394","CML271",-24.366714,-36.756683,-5.014563,"group2"
"395","CML274",-11.829572,6.658841,-4.980135,"group2"
"396","CML279",-17.470139,10.389336,5.049394,"group2"
"397","CML28",6.3829885,-2.031577,3.9778,"group3"
"398","CML280",-14.38549,7.985423,0.90711045,"group2"
"399","CML281",-8.66176,4.8053393,-0.30841812,"group2"
"400","CML282",6.4133725,1.8790647,0.4143852,"group1"
"401","CML283",8.977331,2.8401105,-3.4300344,"group1"
"402","CML285",8.8147745,1.5828801,-1.6259264,"group1"
"403","CML286",8.389908,2.9516094,0.03465048,"group1"
"404","CML287",6.3657975,-1.3244584,1.7170143,"group1"
"405","CML289",8.334105,1.4171543,-1.394788,"group1"
"406","CML29",8.994557,1.9887756,-0.9084037,"group1"
"407","CML290",6.9713736,-0.11540176,5.221674,"group3"
"408","CML292",6.96262,-2.684044,4.6002035,"group3"
"409","CML295",8.590732,-1.2420846,2.69571,"group1"
"410","CML297",6.8979445,-2.571862,10.614156,"group3"
"411","CML298",7.6503487,-1.5987132,7.143647,"group3"
"412","CML3",-14.736917,-13.901774,-1.7202455,"group2"
"413","CML300",8.485643,-3.016559,11.57875,"group3"
"414","CML305",8.310692,-2.9064975,11.626801,"group3"
"415","CML306",5.033482,-1.344028,5.101579,"group2"
"416","CML307",9.735698,-3.1028893,10.601892,"group3"
"417","CML31",5.7201486,1.6247036,0.93425184,"group3"
"418","CML310",-16.441868,8.211161,3.3504288,"group2"
"419","CML316",9.951554,-0.39238277,0.8390208,"group2"
"420","CML317",4.8230376,0.73612726,-1.5750941,"group2"
"421","CML319",-20.581976,-33.216736,-4.5326514,"group2"
"422","CML32",5.102185,0.44420975,1.2574822,"group3"
"423","CML320",-1.4954693,1.517835,-0.6128102,"group1"
"424","CML321",-2.799307,0.55121106,3.3902419,"group2"
"425","CML324",7.591718,0.9684537,-0.60981685,"group2"
"426","CML327",10.178678,3.023839,1.1416025,"group2"
"427","CML331",6.699227,-2.9677129,2.4618855,"group2"
"428","CML333",10.055729,2.5981188,4.1438665,"group2"
"429","CML334",7.413054,-0.4065958,1.580257,"group2"
"430","CML338",12.80836,1.5535765,4.043657,"group2"
"431","CML340",-24.420147,19.016058,6.92752,"group2"
"432","CML341",-25.684492,18.232115,5.254696,"group2"
"433","CML343",-30.029741,22.553625,5.662657,"group2"
"434","CML344",-10.13162,-0.1761551,-2.039094,"group2"
"435","CML360",10.169521,-1.8862163,1.0529517,"group1"
"436","CML361",6.7058144,-0.52428883,-1.7170998,"group1"
"437","CML364",6.947379,1.0516015,-0.84694284,"group1"
"438","CML366",5.6652703,4.1947536,1.1476144,"group2"
"439","CML367",3.0877764,0.395729,-3.7570345,"group2"
"440","CML37",4.274552,0.56298417,-2.7811956,"group2"
"441","CML371",4.2228193,1.3877617,3.4076436,"group2"
"442","CML372",7.1063027,0.6557097,3.9242773,"group2"
"443","CML374",-7.1735754,1.5779184,3.571541,"group2"
"444","CML377",-2.6048398,0.4359386,3.337123,"group2"
"445","CML378",-6.975462,1.9598162,1.3026971,"group2"
"446","CML379",-1.0448788,-1.8023303,0.83307725,"group2"
"447","CML38",5.6846337,-0.21046567,-0.26152977,"group2"
"448","CML381",-4.502024,2.076726,4.4048333,"group2"
"449","CML382",-6.6239123,-0.68377054,1.3706253,"group2"
"450","CML384",-2.7034078,0.41170835,3.3442516,"group2"
"451","CML386",-5.21607,7.9009166,-5.1317368,"group2"
"452","CML387",-2.94562,-0.9482378,0.45667672,"group2"
"453","CML39",5.344708,1.4934059,-3.482962,"group2"
"454","CML395",-2.2426722,11.251841,-37.928932,"group2"
"455","CML397",-11.751131,-12.4557,-1.150673,"group2"
"456","CML4",-8.577219,-3.6260474,-0.7469071,"group2"
"457","CML400",-15.036425,-12.978363,-1.1984937,"group2"
"458","CML401",-38.65841,-56.803944,-10.721751,"group2"
"459","CML402",-6.0258512,0.79401386,0.8066453,"group2"
"460","CML403",-2.2989538,-0.25357917,-3.5452676,"group2"
"461","CML404",9.791233,-2.3340619,4.1696777,"group1"
"462","CML405",-11.682616,-2.4217215,2.290445,"group2"
"463","CML406",-30.353777,24.036066,6.7825975,"group2"
"464","CML407",-7.588137,-8.22291,-5.3002696,"group2"
"465","CML408",5.748655,0.23940736,6.46174,"group3"
"466","CML410",8.77724,0.46900645,4.0854545,"group3"
"467","CML411",7.4301305,-0.023905203,0.5973058,"group3"
"468","CML412",7.357695,-0.109074056,3.4915397,"group3"
"469","CML413",6.591056,-3.7139814,11.859448,"group3"
"470","CML415",7.9618955,2.6511157,4.08545,"group1"
"471","CML416",-8.219451,-0.9379164,-0.0360142,"group2"
"472","CML418",6.3983006,0.28357035,0.39095792,"group2"
"473","CML419",8.694183,-1.4715511,2.507189,"group2"
"474","CML420",-1.0641432,0.54242885,-2.5688896,"group2"
"475","CML422",9.768462,-1.3081859,5.273279,"group2"
"476","CML424",5.742128,-0.9877512,2.1303718,"group3"
"477","CML425",8.313841,1.4798778,-0.9844484,"group1"
"478","CML426",9.617242,-0.6282748,-0.78665984,"group1"
"479","CML427",7.10227,0.9558601,2.8943717,"group1"
"480","CML428",7.0503,2.1946573,2.1492257,"group1"
"481","CML429",7.12097,2.213519,2.1090717,"group1"
"482","CML43",-15.412129,8.983969,2.988418,"group2"
"483","CML430",8.864184,2.6149197,-2.593286,"group1"
"484","CML431",10.944278,1.7377993,-0.018368857,"group1"
"485","CML432",8.676546,5.1865735,-3.3756063,"group1"
"486","CML433",10.973873,2.372945,0.31314406,"group2"
"487","CML435",15.09199,4.7062545,8.306901,"group2"
"488","CML438",9.872906,-2.2010574,0.8147028,"group1"
"489","CML441",-0.04506345,3.3111799,-3.0707366,"group2"
"490","CML442",2.109443,2.5422952,-1.076393,"group2"
"491","CML446",-13.035228,-6.739275,-1.7098765,"group2"
"492","CML448",-11.570364,-7.574879,1.3235707,"group2"
"493","CML449",5.8819375,0.12970343,-1.5225068,"group2"
"494","CML450",8.56049,5.1828475,-3.4078815,"group1"
"495","CML451",-31.122953,-57.7924,-4.9057155,"group2"
"496","CML451Q",11.470288,2.252949,2.5390682,"group1"
"497","CML454",4.5037193,-1.6084781,-0.6895026,"group3"
"498","CML465",9.211047,2.6342006,-0.26236433,"group1"
"499","CML466",11.010949,1.7372515,-0.022213822,"group1"
"500","CML467",7.5144286,1.2751545,-2.378644,"group1"
"501","CML468",7.6271577,2.5477636,-1.8336221,"group1"
"502","CML469",7.8986053,2.630054,4.1641874,"group1"
"503","CML47",-19.26537,15.270483,5.8772373,"group2"
"504","CML470",9.373362,0.13266167,-0.66827434,"group1"
"505","CML471",8.711403,3.0350046,0.9667483,"group1"
"506","CML472",6.747339,2.109633,-0.20960386,"group1"
"507","CML473",8.887004,-0.650325,2.6194155,"group1"
"508","CML474",9.776052,-1.3787931,-0.5413913,"group1"
"509","CML475",7.260326,-3.5123553,11.724427,"group3"
"510","CML476",-8.331842,-5.9137635,0.65731364,"group2"
"511","CML478",-11.184534,-8.356095,0.2874528,"group2"
"512","CML48",-2.407252,-0.708519,-0.7418372,"group2"
"513","CML480",6.2758737,-1.3954164,5.9233904,"group3"
"514","CML481",11.180145,3.4923677,-11.520647,"group1"
"515","CML482",-10.883763,6.8021493,2.11204,"group2"
"516","CML485",5.163827,-0.55861866,0.4837987,"group2"
"517","CML487",2.2178466,0.019578068,1.6426276,"group2"
"518","CML488",-0.1249463,5.476586,-28.368084,"group2"
"519","CML49",-2.5796623,1.0651863,0.7010511,"group2"
"520","CML490",-4.6100287,-2.0584817,0.42079777,"group2"
"521","CML491",-2.913134,-9.486623,-5.4187527,"group2"
"522","CML492",3.1799955,-0.9246896,3.8910406,"group2"
"523","CML493",6.6623955,-0.13377932,1.9788927,"group1"
"524","CML494",-25.273037,17.510027,4.7171254,"group2"
"525","CML495",-26.442827,-43.98442,-6.441961,"group2"
"526","CML496",6.53164,-3.3870587,3.8136811,"group3"
"527","CML5",-9.42108,-3.025534,-0.10963032,"group2"
"528","CML50",6.097973,-0.66448504,1.1251768,"group1"
"529","CML51",12.791143,3.9654713,-0.12994653,"group1"
"530","CML68",6.022171,-1.4910665,0.89978385,"group2"
"531","CML69",5.631744,0.57248384,0.16129461,"group3"
"532","CML80",6.7427754,-1.1161718,-0.074699834,"group2"
"533","CML84",8.075491,-0.73467356,0.5109433,"group2"
"534","CML85",5.971394,0.3614084,1.2750919,"group2"
"535","CML87",4.2154365,0.5824001,-1.2850022,"group2"
"536","CML88",-0.86837053,-1.8145082,-2.8861074,"group2"
"537","CML89",5.0892386,1.1605867,-3.3790147,"group2"
"538","CML9",-33.716057,-50.91854,-7.4239917,"group2"
"539","CML92",7.7610626,1.2907349,-2.9973056,"group2"
"540","CML94",-0.54940873,-0.026584173,-0.4751781,"group2"
"541","CML95",4.5113487,-0.32816634,-1.3298703,"group1"
"542","CML96",4.708652,0.4981671,-2.0829134,"group2"
"543","CML97",9.186668,-0.4847311,0.8667463,"group2"
"544","CML98",3.6994026,0.78810793,-1.7862072,"group2"
"545","CML99",4.282136,3.2808812,-2.855497,"group2"
"546","DTMA-1",-4.376944,9.871298,-26.933912,"group2"
"547","DTMA-10",-0.9773385,14.801132,-75.73601,"group2"
"548","DTMA-100",7.4629364,2.4662619,3.2709398,"group2"
"549","DTMA-101",6.907526,1.9916812,3.3669355,"group2"
"550","DTMA-102",2.9664228,-2.4487813,5.3019223,"group2"
"551","DTMA-103",-1.7090425,-1.6804839,7.871434,"group2"
"552","DTMA-104",8.538815,-4.1124864,8.944827,"group2"
"553","DTMA-105",1.3160933,-0.26404467,-0.88675904,"group2"
"554","DTMA-106",-0.55186087,6.029496,-11.543546,"group2"
"555","DTMA-107",11.57415,-3.1494727,7.7637267,"group2"
"556","DTMA-108",4.6391315,-4.74759,1.8695847,"group2"
"557","DTMA-109",3.9936004,0.33196563,1.21901,"group2"
"558","DTMA-11",-1.0501279,14.871065,-75.36171,"group2"
"559","DTMA-110",3.8802693,0.102770984,0.016973726,"group2"
"560","DTMA-111",0.8020643,3.9357908,-5.741907,"group2"
"561","DTMA-112",7.1356177,0.29849237,0.17783539,"group2"
"562","DTMA-113",2.4230118,3.8843725,-11.801769,"group2"
"563","DTMA-114",-1.1668949,5.7852983,-4.337701,"group2"
"564","DTMA-115",-16.7807,-31.591215,-4.6879354,"group2"
"565","DTMA-116",-1.602654,-12.098195,0.9833387,"group2"
"566","DTMA-117",8.773457,-0.28139237,0.50828254,"group2"
"567","DTMA-118",11.413226,0.891665,1.3830283,"group2"
"568","DTMA-119",8.39536,3.2452664,-1.3458198,"group2"
"569","DTMA-12",-0.76082677,14.978488,-75.360985,"group2"
"570","DTMA-120",9.983324,3.1845627,2.0894232,"group2"
"571","DTMA-121",6.545168,-0.23900595,2.866593,"group2"
"572","DTMA-122",8.810331,2.701059,2.7871256,"group2"
"573","DTMA-123",10.136175,-0.25684658,4.2608304,"group2"
"574","DTMA-124",10.931376,1.9255422,-1.4236685,"group2"
"575","DTMA-125",8.702844,2.617392,1.2568283,"group2"
"576","DTMA-126",4.924266,-4.8077226,4.710858,"group3"
"577","DTMA-127",15.027078,-2.6955538,8.901033,"group3"
"578","DTMA-128",4.1468534,1.4298984,0.11265111,"group3"
"579","DTMA-129",13.806539,2.5209517,-2.5792234,"group1"
"580","DTMA-13",-0.90311307,14.955329,-75.53599,"group2"
"581","DTMA-130",3.7019954,3.3661113,-8.813975,"group2"
"582","DTMA-131",11.261126,3.5320792,-11.552109,"group1"
"583","DTMA-132",-5.6092367,0.870344,3.7258282,"group2"
"584","DTMA-133",-3.5240831,-1.9427384,2.742627,"group2"
"585","DTMA-134",9.73215,0.7843773,3.1798162,"group2"
"586","DTMA-135",-14.81932,16.078398,-2.2973623,"group2"
"587","DTMA-136",-1.8076301,-2.042941,7.9306035,"group2"
"588","DTMA-137",-3.8517902,-1.8002994,5.1751885,"group2"
"589","DTMA-138",-4.419219,-2.060864,5.8493824,"group2"
"590","DTMA-139",-0.9353754,4.1051807,-1.6249951,"group2"
"591","DTMA-14",-0.65345585,14.765346,-74.69513,"group2"
"592","DTMA-140",2.3655517,-2.238875,6.5645757,"group2"
"593","DTMA-141",4.269732,-1.2522099,1.8978081,"group2"
"594","DTMA-142",7.3662596,-1.3811977,2.3523464,"group2"
"595","DTMA-143",-1.532443,2.2544363,1.4339079,"group2"
"596","DTMA-146",7.4406567,-0.7065491,0.38600352,"group2"
"597","DTMA-147",10.529328,2.5428581,3.3782985,"group2"
"598","DTMA-148",5.9975348,2.860983,2.4378903,"group1"
"599","DTMA-149",10.837438,1.1591458,0.13951822,"group2"
"600","DTMA-152",-2.6343575,-0.8044251,4.1724944,"group2"
"601","DTMA-153",1.1602758,-5.2897787,6.9471936,"group2"
"602","DTMA-154",-3.670727,-1.9656564,8.08609,"group2"
"603","DTMA-155",-3.588544,-1.358546,6.9175377,"group2"
"604","DTMA-156",-1.2299104,1.0696119,2.5048282,"group2"
"605","DTMA-158",-3.060535,-2.5628219,7.1473765,"group2"
"606","DTMA-159",2.556074,-1.1613721,4.9672093,"group2"
"607","DTMA-160",6.766054,-5.509747,10.002759,"group2"
"608","DTMA-161",7.0271482,1.3892889,1.9127358,"group2"
"609","DTMA-164",-6.2981763,-10.717478,7.283317,"group2"
"610","DTMA-165",-0.7639643,-4.185324,9.173321,"group2"
"611","DTMA-166",0.003366093,-3.8812225,6.6876,"group2"
"612","DTMA-167",-12.789098,10.413647,-1.1489419,"group2"
"613","DTMA-168",5.0208306,0.10803655,3.411401,"group2"
"614","DTMA-169",-23.855219,-34.812008,-2.683813,"group2"
"615","DTMA-17",7.130437,-1.3691036,3.1082425,"group2"
"616","DTMA-170",-11.099049,-3.7374737,-0.20938651,"group2"
"617","DTMA-171",-12.8282385,12.397276,-2.2793329,"group2"
"618","DTMA-172",-30.385113,24.033129,6.792149,"group2"
"619","DTMA-174",-1.4567904,-3.2428415,1.2308432,"group2"
"620","DTMA-175",-35.669292,-55.41228,-8.832232,"group2"
"621","DTMA-176",-36.16221,-43.45722,-7.361143,"group2"
"622","DTMA-177",7.276896,-1.235208,-0.004067988,"group1"
"623","DTMA-178",7.5512543,2.1027758,-0.032367215,"group1"
"624","DTMA-179",9.731265,-2.4959464,4.9206076,"group3"
"625","DTMA-18",2.1044457,2.4088526,-3.6973255,"group2"
"626","DTMA-180",7.167974,0.40453005,-0.62753975,"group1"
"627","DTMA-181",6.480364,2.716658,1.4285221,"group2"
"628","DTMA-182",9.855437,0.08262532,2.6980429,"group2"
"629","DTMA-183",8.832158,2.928285,-3.5687537,"group2"
"630","DTMA-184",10.92541,2.7798655,-1.9233613,"group2"
"631","DTMA-185",13.43284,2.0880396,-1.6068158,"group2"
"632","DTMA-186",-2.1219146,-4.593264,-2.627972,"group2"
"633","DTMA-187",-0.9344698,-1.1913416,0.37425524,"group2"
"634","DTMA-188",-9.467065,-6.6314588,1.0018963,"group2"
"635","DTMA-189",2.5295582,-2.0887635,3.4708424,"group2"
"636","DTMA-19",6.7736673,-1.3347781,3.0558662,"group2"
"637","DTMA-190",3.4181993,-3.9154806,6.9266973,"group2"
"638","DTMA-191",8.92198,-0.33534727,2.8905034,"group1"
"639","DTMA-192",-18.292746,-33.540806,0.76031536,"group2"
"640","DTMA-193",6.1635013,-0.14029583,6.8846264,"group2"
"641","DTMA-194",9.358284,-3.4605846,9.387052,"group3"
"642","DTMA-195",9.226056,-0.9711533,3.4114335,"group3"
"643","DTMA-196",9.19412,-0.938695,3.3986032,"group3"
"644","DTMA-197",11.2624855,3.508487,-11.548583,"group1"
"645","DTMA-199",8.303556,-3.6071427,10.390541,"group3"
"646","DTMA-2",-9.223414,12.106456,-12.944583,"group2"
"647","DTMA-20",-6.817604,7.0759954,-2.6702335,"group2"
"648","DTMA-200",4.1244297,-2.6469276,2.5368738,"group3"
"649","DTMA-201",7.7856812,-1.815678,4.914546,"group3"
"650","DTMA-202",10.105791,3.3440192,-3.3660424,"group1"
"651","DTMA-203",9.76974,-4.4469457,10.812239,"group3"
"652","DTMA-204",-8.049678,-4.1921024,-1.0186713,"group2"
"653","DTMA-205",-0.054231156,-2.9695976,1.0505395,"group2"
"654","DTMA-206",0.01485981,3.236407,-3.6762059,"group2"
"655","DTMA-207",0.89705676,2.05796,2.3994277,"group2"
"656","DTMA-208",0.46353647,1.9596483,-0.003685552,"group2"
"657","DTMA-209",-0.35589883,0.97790027,-0.5098262,"group1"
"658","DTMA-21",5.44701,0.39012885,3.859037,"group2"
"659","DTMA-210",8.424507,-0.35123992,2.2903435,"group2"
"660","DTMA-211",6.5291004,0.015022877,0.9632259,"group3"
"661","DTMA-212",8.451259,-0.40613154,3.6673431,"group3"
"662","DTMA-213",6.5267634,0.4351031,2.0201156,"group2"
"663","DTMA-214",6.534592,0.4040692,2.0547402,"group2"
"664","DTMA-215",8.230387,1.6948172,-2.1605823,"group2"
"665","DTMA-216",-27.770449,20.409595,5.3354263,"group2"
"666","DTMA-217",7.398758,1.4793521,-5.523673,"group2"
"667","DTMA-219",5.1314597,4.4448233,-11.130009,"group2"
"668","DTMA-22",-0.6936655,1.6098915,-3.7109897,"group2"
"669","DTMA-220",6.423173,3.0635595,-1.821457,"group2"
"670","DTMA-221",4.796082,2.2523901,-5.020796,"group2"
"671","DTMA-222",1.5401239,4.186894,-23.002697,"group2"
"672","DTMA-223",1.8071063,3.081397,-7.8990016,"group2"
"673","DTMA-224",6.1794524,5.482619,-14.031007,"group2"
"674","DTMA-225",6.2788486,3.3893495,-5.867429,"group2"
"675","DTMA-226",4.36671,1.7191056,-7.479382,"group2"
"676","DTMA-227",1.0363649,3.5007422,-6.7523203,"group2"
"677","DTMA-228",3.3734803,2.924598,-3.6075037,"group2"
"678","DTMA-229",4.958221,2.0872133,-11.112932,"group2"
"679","DTMA-230",3.6843092,5.6403103,-29.58795,"group2"
"680","DTMA-231",6.757494,2.1748796,-0.7082909,"group2"
"681","DTMA-232",3.7178288,3.8952544,-7.546188,"group2"
"682","DTMA-233",3.893266,3.748693,-7.9699674,"group2"
"683","DTMA-234",8.149114,2.5290163,-3.1542864,"group2"
"684","DTMA-235",6.2743363,0.7731868,-1.7149252,"group2"
"685","DTMA-237",4.623922,5.390003,-6.432513,"group2"
"686","DTMA-238",4.931449,4.6668167,-7.6071687,"group2"
"687","DTMA-239",3.7758834,3.8764014,-1.6221055,"group2"
"688","DTMA-24",-4.4246817,15.550686,-51.844086,"group2"
"689","DTMA-240",6.149,2.0024817,-2.9794638,"group2"
"690","DTMA-242",-31.51646,28.164808,8.571061,"group2"
"691","DTMA-243",-38.252136,29.709253,9.628243,"group2"
"692","DTMA-244",-31.009895,24.2956,6.0792813,"group2"
"693","DTMA-245",-31.59113,24.925436,9.658199,"group2"
"694","DTMA-246",-36.431732,28.0537,7.8839946,"group2"
"695","DTMA-247",-40.850872,31.644787,8.317693,"group2"
"696","DTMA-248",-27.12305,20.191725,8.736547,"group2"
"697","DTMA-249",-32.52893,28.56597,10.595375,"group2"
"698","DTMA-25",-9.401203,15.782722,-41.638466,"group2"
"699","DTMA-250",-37.781662,29.04585,6.867219,"group2"
"700","DTMA-251",-26.953499,20.648348,8.476464,"group2"
"701","DTMA-252",-37.317802,28.821974,6.6894827,"group2"
"702","DTMA-253",-32.018124,25.287436,9.254201,"group2"
"703","DTMA-254",-38.09888,28.366583,6.6493225,"group2"
"704","DTMA-255",-30.979246,27.55055,6.1846895,"group2"
"705","DTMA-256",-31.777267,25.826162,7.7706046,"group2"
"706","DTMA-257",-23.650097,21.1915,4.6297345,"group2"
"707","DTMA-258",-41.34547,31.032364,8.133942,"group2"
"708","DTMA-259",-25.584528,19.415668,8.394771,"group2"
"709","DTMA-26",0.35280824,5.0053577,3.2013822,"group2"
"710","DTMA-260",-29.234058,22.402456,9.988304,"group2"
"711","DTMA-261",-33.805714,28.028019,9.448361,"group2"
"712","DTMA-262",-28.775389,22.27716,9.839728,"group2"
"713","DTMA-263",-33.938675,28.221544,9.557906,"group2"
"714","DTMA-264",-40.511856,31.293444,8.330717,"group2"
"715","DTMA-265",-39.882492,31.511713,8.439447,"group2"
"716","DTMA-266",-32.330498,26.082222,10.834468,"group2"
"717","DTMA-267",-31.58719,24.111546,8.203507,"group2"
"718","DTMA-268",-28.397673,22.957346,8.812857,"group2"
"719","DTMA-269",2.8144631,2.9741044,-9.426817,"group2"
"720","DTMA-27",3.8196628,3.0955186,1.6501887,"group2"
"721","DTMA-270",3.2648203,3.889648,-20.92369,"group2"
"722","DTMA-271",6.183726,0.8720617,-6.4113035,"group2"
"723","DTMA-272",4.588855,1.9958148,-11.010402,"group2"
"724","DTMA-274",2.519562,3.97854,-10.0597515,"group2"
"725","DTMA-275",4.341539,3.4713924,-13.700496,"group2"
"726","DTMA-276",4.368769,0.7501986,-4.812554,"group2"
"727","DTMA-277",4.59865,0.8022243,-6.5660114,"group2"
"728","DTMA-28",-4.560037,8.167905,-4.1091385,"group2"
"729","DTMA-280",3.277783,2.362314,0.14727825,"group2"
"730","DTMA-281",3.4532475,1.1004872,-4.647486,"group2"
"731","DTMA-282",7.7846904,1.9577106,-5.746809,"group2"
"732","DTMA-283",5.817122,2.1078987,-7.9588194,"group2"
"733","DTMA-284",-40.23938,31.63005,8.103352,"group2"
"734","DTMA-285",-40.22997,30.538994,8.284822,"group2"
"735","DTMA-286",-26.368746,19.46642,7.9584727,"group2"
"736","DTMA-287",-31.024363,28.312597,8.629664,"group2"
"737","DTMA-289",-29.8023,26.50964,5.8449383,"group2"
"738","DTMA-29",-3.000945,9.169897,-18.016031,"group2"
"739","DTMA-291",-29.130026,23.727528,6.4004993,"group2"
"740","DTMA-292",-32.708614,24.183598,9.938014,"group2"
"741","DTMA-293",-31.46496,23.901129,9.640097,"group2"
"742","DTMA-294",-31.678074,23.80026,9.315595,"group2"
"743","DTMA-296",-30.020712,20.967863,5.8501444,"group2"
"744","DTMA-3",-5.9699984,15.412035,-43.014263,"group2"
"745","DTMA-30",1.6389484,4.6748576,-4.621815,"group2"
"746","DTMA-31",1.4037956,3.960376,-2.1775558,"group2"
"747","DTMA-32",2.5041244,7.433668,-4.91024,"group2"
"748","DTMA-33",-2.060353,1.5995973,-22.552704,"group2"
"749","DTMA-34",-8.006405,7.8800282,-11.2629795,"group2"
"750","DTMA-35",6.735446,-1.6188068,0.52741116,"group2"
"751","DTMA-36",6.078938,-0.26825622,-0.5031959,"group2"
"752","DTMA-37",-12.998621,13.336,-2.5417168,"group2"
"753","DTMA-38",-1.5708317,-2.8754969,2.2347229,"group2"
"754","DTMA-39",-2.3759022,1.797991,-17.597383,"group2"
"755","DTMA-40",-0.9422564,-0.27539754,-17.629148,"group2"
"756","DTMA-41",0.5881888,1.9331552,-6.399265,"group2"
"757","DTMA-42",-10.78895,6.187668,-2.568288,"group2"
"758","DTMA-43",-3.930469,3.9063294,-2.125913,"group2"
"759","DTMA-44",-20.72316,14.532813,-0.5809464,"group2"
"760","DTMA-45",-1.5919904,3.4027796,-3.3273861,"group2"
"761","DTMA-47",3.3029013,3.2507331,-2.6013305,"group2"
"762","DTMA-48",1.6229817,4.356468,-1.4486586,"group2"
"763","DTMA-49",3.0450418,2.51199,0.21855505,"group2"
"764","DTMA-5",-2.7597907,11.654395,-36.85976,"group2"
"765","DTMA-50",2.845692,4.546253,-1.3244439,"group2"
"766","DTMA-51",4.3114767,4.077758,-4.4520993,"group2"
"767","DTMA-52",5.63821,1.5010829,0.5036923,"group2"
"768","DTMA-53",-5.373203,-0.9232693,0.8021664,"group2"
"769","DTMA-54",5.3618746,0.8614305,2.0597947,"group2"
"770","DTMA-55",-10.198589,2.43089,0.3049213,"group2"
"771","DTMA-56",14.43805,5.6443653,8.00486,"group2"
"772","DTMA-57",9.782833,0.9661226,0.13987821,"group1"
"773","DTMA-58",11.63445,4.2737536,3.8983252,"group2"
"774","DTMA-59",6.6467147,0.52271694,-0.84260416,"group1"
"775","DTMA-60",11.598716,4.2966986,3.8470943,"group2"
"776","DTMA-61",9.999747,-2.266179,0.8885813,"group1"
"777","DTMA-62",14.572107,5.032054,8.094399,"group2"
"778","DTMA-63",14.907723,4.844474,8.185415,"group2"
"779","DTMA-64",8.232712,5.1714253,4.312198,"group2"
"780","DTMA-65",9.420811,-0.42023486,0.78498137,"group1"
"781","DTMA-66",8.482161,3.9438374,2.7728858,"group2"
"782","DTMA-67",9.179573,0.09450585,0.93707526,"group1"
"783","DTMA-68",9.062826,0.03988767,1.0398996,"group1"
"784","DTMA-69",7.2939725,0.24841775,-0.582853,"group1"
"785","DTMA-7",-1.1369929,14.833219,-75.92065,"group2"
"786","DTMA-70",15.161412,4.2748165,7.2192974,"group2"
"787","DTMA-71",14.060175,5.2248287,7.637995,"group2"
"788","DTMA-72",13.970398,4.370519,7.9818764,"group2"
"789","DTMA-73",14.858594,5.003269,7.9601483,"group2"
"790","DTMA-74",14.125153,5.751617,6.8742013,"group2"
"791","DTMA-75",15.022889,5.120423,8.116926,"group2"
"792","DTMA-77",9.351667,-2.975113,4.014562,"group2"
"793","DTMA-78",8.143927,1.0401524,-1.0095873,"group2"
"794","DTMA-79",6.728904,2.1818218,3.2497056,"group1"
"795","DTMA-8",-5.3035316,11.925705,-45.966675,"group2"
"796","DTMA-80",5.8162947,0.8284454,1.069716,"group1"
"797","DTMA-81",6.5875173,1.5573252,-0.58327836,"group2"
"798","DTMA-82",6.4130273,2.7114015,-2.5200958,"group1"
"799","DTMA-84",9.432093,-0.922112,5.902884,"group2"
"800","DTMA-85",9.232347,1.5166103,3.3199987,"group2"
"801","DTMA-86",2.5730376,-1.9130404,6.6540895,"group2"
"802","DTMA-87",5.6886287,0.032089517,3.0311484,"group2"
"803","DTMA-88",8.667038,-4.98479,7.788658,"group2"
"804","DTMA-89",9.128506,-4.2260275,7.875125,"group2"
"805","DTMA-9",-1.0997605,14.761488,-75.695915,"group2"
"806","DTMA-90",9.454362,-5.23072,8.1370535,"group2"
"807","DTMA-91",10.009443,-4.8309736,9.697819,"group2"
"808","DTMA-92",8.444663,-2.9375582,6.24766,"group2"
"809","DTMA-93",10.51974,-4.370344,7.62631,"group2"
"810","DTMA-94",8.986927,-6.372366,9.019048,"group2"
"811","DTMA-95",9.891046,0.95769906,3.7667193,"group2"
"812","DTMA-96",10.289492,0.11912963,4.4898295,"group2"
"813","DTMA-97",2.8501601,-1.6862347,4.471689,"group2"
"814","DTMA-98",10.485581,-4.587629,8.732492,"group2"
"815","DTMA-99",9.935676,1.8844668,3.2714255,"group2"
"816","IMAS_1--16",5.5811267,2.0707693,-3.8044648,"group2"
"817","IMAS_1--17",4.2415814,1.6557359,-4.16388,"group2"
"818","IMAS_1--2",-2.3686593,9.6326,-27.691856,"group2"
"819","IMAS_1--38",-0.02070048,5.663884,-2.2137282,"group2"
"820","IMAS_1--57",0.39326954,-7.0867143,6.244159,"group2"
"821","IMAS_1--60",-2.7460072,-2.867549,6.968106,"group2"
"822","IMAS_1--63",-35.041115,-51.90641,-9.328614,"group2"
"823","IMAS_1--65",-18.249557,14.907605,3.6069605,"group2"
"824","IMAS_1--71",5.5544176,-0.71976817,1.8629261,"group3"
"825","IMAS_1--76",0.8259523,0.094677836,-0.11559246,"group2"
"826","IMAS_1--79",5.552578,1.7242765,-3.7464771,"group2"
"827","IMAS_1--87",-23.349213,-37.686016,-5.5585856,"group2"
"828","IMAS_1--88",-32.72332,-49.49281,-8.081108,"group2"
"829","IMAS_1--89",-2.693171,-0.7936542,0.057121187,"group2"
"830","IMAS_1--90",-1.9978322,6.042016,-5.3583474,"group2"
"831","IMAS_1--91",-1.9048553,-2.7728388,1.8996224,"group2"
"832","IMAS_2--35",7.30843,-3.7667925,3.5235035,"group3"
"833","IMAS_2--37",7.8120513,1.1347557,-1.6590086,"group1"
"834","IMAS_2--65",3.1780107,2.5760667,-13.831632,"group2"
"835","IMAS_2--66",7.548907,3.1262689,-1.8149451,"group2"
"836","IMAS_2--78",4.139158,-0.36183402,-1.8798214,"group2"
"837","IMAS_2--84",6.584766,1.5627512,-5.8213587,"group2"
"838","PROT-121",9.070273,2.074106,1.6489842,"group1"
"839","PROT-123",-3.3499494,1.7129742,3.9826336,"group2"
"840","PROT-130",5.2792125,0.8311346,3.955435,"group2"
"841","PROT-158",1.0057174,0.17424518,2.9214287,"group2"
"842","PROT-179",6.4125767,0.32179126,0.3582394,"group1"
"843","PROT-182",3.3626204,5.5990286,-10.166528,"group2"
"844","PROT-184",5.507846,4.1844835,-1.6474807,"group2"
"845","PROT-187",1.6249638,3.0804653,-3.9103026,"group2"
"846","PROT-193",7.2576666,-0.4699227,0.4870796,"group2"
"847","PROT-199",8.517961,0.2995086,1.1403707,"group1"
"848","PROT-203",-22.24352,-22.349112,-6.1401005,"group2"
"849","PROT-209",-9.89276,-9.034948,-2.8748677,"group2"
"850","PROT-215",4.629028,-2.663523,3.344289,"group3"
"851","PROT-221",-9.572885,-6.967646,-0.017534498,"group2"
"852","PROT-227",1.6808656,4.0441566,-7.018128,"group2"
"853","PROT-239",0.34429905,3.1324427,-4.319983,"group2"
"854","PROT-77",2.9555023,-0.7564801,5.65777,"group2"
